,human_development_index,weekly_hosp_admissions,tests_per_case,new_cases,total_deaths,new_vaccinations_smoothed_per_million,new_deaths_smoothed_per_million,population,total_vaccinations,total_cases,new_tests,weekly_icu_admissions_per_million,people_vaccinated_per_hundred,extreme_poverty,positive_rate,total_boosters_per_hundred,handwashing_facilities,new_vaccinations_smoothed,new_cases_per_million,total_boosters,aged_70_older,new_vaccinations,hospital_beds_per_thousand,new_cases_smoothed_per_million,total_vaccinations_per_hundred,new_deaths_smoothed,new_tests_per_thousand,last_updated_date,new_tests_smoothed,people_vaccinated,people_fully_vaccinated,new_people_vaccinated_smoothed_per_hundred,diabetes_prevalence,total_tests,total_deaths_per_million,new_people_vaccinated_smoothed,continent,excess_mortality,excess_mortality_cumulative,cardiovasc_death_rate,total_cases_per_million,stringency_index,new_deaths,icu_patients,tests_units,gdp_per_capita,total_tests_per_thousand,aged_65_older,excess_mortality_cumulative_absolute,weekly_hosp_admissions_per_million,life_expectancy,new_cases_smoothed,new_deaths_per_million,female_smokers,hosp_patients,male_smokers,population_density,icu_patients_per_million,location,new_tests_smoothed_per_thousand,hosp_patients_per_million,excess_mortality_cumulative_per_million,weekly_icu_admissions,reproduction_rate,median_age,people_fully_vaccinated_per_hundred
AFG,0.511,,,0.0,7998.0,,0.0,41128772.0,,235214.0,,,,,,,37.746,,0.0,,1.337,,0.5,0.0,,0.0,,2024-08-04,,,,,9.59,,197.098,,Asia,,,597.029,5796.468,,0.0,,,1803.987,,2.581,,,64.83,0.0,0.0,,,,54.422,,Afghanistan,,,,,,18.6,
OWID_AFR,,,,36.0,259117.0,,0.0,1426736614.0,,13145380.0,,,,,,,,,0.025,,,,,0.004,,0.0,,2024-08-04,,,,,,,179.157,,,,,,9088.877,,0.0,,,,,,,,,5.143,0.0,,,,,,Africa,,,,,,,
ALB,0.795,,,0.0,3605.0,,0.0,2842318.0,,335047.0,,,,1.1,,,,,0.0,,8.643,,2.89,0.0,,0.0,,2024-08-04,,,,,10.08,,1274.926,,Europe,,,304.195,118491.02,,0.0,,,11803.431,,13.188,,,78.57,0.0,0.0,7.1,,51.2,104.871,,Albania,,,,,,38.0,
DZA,0.748,,,18.0,6881.0,,0.0,44903228.0,,272139.0,,,,0.5,,,83.741,,0.396,,3.857,,1.9,0.057,,0.0,,2024-08-04,,,,,6.73,,151.306,,Africa,,,278.364,5984.05,,0.0,,,13913.839,,6.211,,,76.88,2.571,0.0,0.7,,30.4,17.348,,Algeria,,,,,,29.1,
ASM,,,,0.0,34.0,,0.0,44295.0,,8359.0,,,,,,,,,0.0,,,,,0.0,,0.0,,2024-08-04,,,,,,,702.988,,Oceania,,,283.75,172831.6,,0.0,,,,,,,,73.74,0.0,0.0,,,,278.205,,American Samoa,,,,,,,
AND,0.868,,,0.0,159.0,,0.0,79843.0,,48015.0,,,,,,,,,0.0,,,,,0.0,,0.0,,2024-08-04,,,,,7.97,,1994.431,,Europe,,,109.135,602280.44,,0.0,,,,,,,,83.73,0.0,0.0,29.0,,37.8,163.755,,Andorra,,,,,,,
AGO,0.581,,,0.0,1937.0,,0.0,35588996.0,,107481.0,,,,,,,26.664,,0.0,,1.362,,,0.0,,0.0,,2024-08-04,,,,,3.94,,54.357,,Africa,,,276.045,3016.162,,0.0,,,5819.495,,2.405,,,61.15,0.0,0.0,,,,23.89,,Angola,,,,,,16.8,
AIA,,,,0.0,12.0,,0.0,15877.0,,3904.0,,,,,,,,,0.0,,,,,0.0,,0.0,,2024-08-04,,,,,,,844.951,,North America,,,,274890.88,,0.0,,,,,,,,81.88,0.0,0.0,,,,,,Anguilla,,,,,,,
ATG,0.778,,,0.0,146.0,,0.0,93772.0,,9106.0,,,,,,,,,0.0,,4.631,,3.8,0.0,,0.0,,2024-08-04,,,,,13.17,,1572.412,,North America,,,191.511,98071.1,,0.0,,,21490.943,,6.933,,,77.02,0.0,0.0,,,,231.845,,Antigua and Barbuda,,,,,,32.1,
ARG,0.845,,,54.0,130663.0,,0.003,45510324.0,,10101218.0,,,,0.6,,,,,1.189,,7.441,,5.0,0.17,,0.143,,2024-08-04,,,,,5.5,,2877.538,,South America,,,191.032,222455.06,,1.0,,,18933.907,,11.198,,,76.67,7.714,0.022,16.2,,27.7,16.177,,Argentina,,,,,,31.9,
ARM,0.776,,,0.0,8777.0,,0.0,2780472.0,,452273.0,,,,1.8,,,94.043,,0.0,,7.571,,4.2,0.0,,0.0,,2024-08-04,,,,,7.11,,3046.635,,Asia,,,341.01,156991.11,,0.0,,,8787.58,,11.232,,,75.09,0.0,0.0,1.5,,52.1,102.931,,Armenia,,,,,,35.7,
ABW,,,,0.0,292.0,,0.0,106459.0,,44224.0,,,,,,,,,0.0,,7.452,,,0.0,,0.0,,2024-08-04,,,,,11.62,,2708.921,,North America,,,,410271.62,,0.0,,,35973.781,,13.085,,,76.29,0.0,0.0,,,,584.8,,Aruba,,,,,,41.2,
OWID_ASI,,,,4515.0,1637249.0,0.0,0.001,4721383370.0,9104304615.0,301499099.0,,,78.14,,,38.45,,193.0,0.958,1815176944.0,,258.0,,0.137,192.83,2.429,,2024-08-14,,3689438947.0,3462095463.0,0.0,,,347.262,10.0,,,,,63948.2,,17.0,,,,,,,,,645.0,0.004,,,,,,Asia,,,,,,,73.33
AUS,0.944,,,0.0,25236.0,,0.0,26177410.0,,11861161.0,,,,0.5,,,,,0.0,,10.129,,3.84,0.0,,0.0,,2024-08-04,,,,,5.07,,963.17,,Oceania,,,107.791,452699.0,,0.0,,,44648.71,,15.504,,,83.44,0.0,0.0,13.0,,16.5,3.202,,Australia,,,,,,37.9,
AUT,0.922,,,15.0,22534.0,,0.0,8939617.0,,6082444.0,,,,0.7,,,,,1.655,,13.748,,7.37,0.236,,0.0,,2024-08-04,,,,,6.35,,2485.912,,Europe,,,145.183,671004.9,,0.0,,,45436.686,,19.202,,,81.54,2.143,0.0,28.4,,30.9,106.749,,Austria,,,,,,44.4,
AZE,0.756,,,63.0,10353.0,,0.0,10358078.0,,835757.0,,,,,,,83.241,,6.119,,3.871,,4.7,0.874,,0.0,,2024-08-04,,,,,7.11,,1005.604,,Asia,,,559.812,81178.445,,0.0,,,15847.419,,6.018,,,73.0,9.0,0.0,0.3,,42.5,119.309,,Azerbaijan,,,,,,32.4,
BHS,0.814,,,0.0,849.0,,0.0,409989.0,,39127.0,,,,,,,,,0.0,,5.2,,2.9,0.0,,0.0,,2024-08-04,,,,,13.17,,2135.612,,North America,,,235.954,98421.81,,0.0,,,27717.847,,8.996,,,73.92,0.0,0.0,3.1,,20.4,39.497,,Bahamas,,,,,,34.3,
BHR,0.852,,,0.0,1536.0,,0.0,1472237.0,,696614.0,,,,,,,,,0.0,,1.387,,2.0,0.0,,0.0,,2024-08-04,,,,,16.52,,1001.657,,Asia,,,151.689,454276.25,,0.0,,,43290.705,,2.372,,,77.29,0.0,0.0,5.8,,37.6,1935.907,,Bahrain,,,,,,32.4,
BGD,0.632,,,40.0,29499.0,,0.0,171186368.0,,2051348.0,,,,14.8,,,34.808,,0.236,,3.262,,0.8,0.034,,0.0,,2024-08-04,,,,,8.38,,174.154,,Asia,,,298.003,12110.572,,0.0,,,3523.984,,5.098,,,72.59,5.714,0.0,1.0,,44.7,1265.036,,Bangladesh,,,,,,27.5,
BRB,0.814,,,57.0,593.0,,0.0,281646.0,,108582.0,,,,,,,88.469,,201.896,,9.473,,5.8,28.842,,0.0,,2024-08-04,,,,,13.57,,2100.424,,North America,,,170.05,384600.7,,0.0,,,16978.068,,14.952,,,79.19,8.143,0.0,1.9,,14.5,664.463,,Barbados,,,,,,39.8,
BLR,0.823,,,0.0,7118.0,,0.0,9534956.0,,994037.0,,,,,,,,,0.0,,9.788,,11.0,0.0,,0.0,,2024-08-04,,,,,5.18,,775.953,,Europe,,,443.129,108362.68,,0.0,,,17167.967,,14.799,,,74.79,0.0,0.0,10.5,,46.1,46.858,,Belarus,,,,,,40.3,
BEL,0.931,,,1277.0,34339.0,,0.0,11655923.0,,4872829.0,,,,0.2,,,,,109.691,,12.849,,5.64,15.67,,0.0,,2024-08-04,,,,,4.29,,2949.626,,Europe,,,114.898,418562.72,,0.0,,,42658.576,,18.571,,,81.63,182.429,0.0,25.1,,31.4,375.564,,Belgium,,,,,,41.8,
BLZ,0.716,,,0.0,688.0,,0.0,405285.0,,71414.0,,,,,,,90.083,,0.0,,2.279,,1.3,0.0,,0.0,,2024-08-04,,,,,17.11,,1708.294,,North America,,,176.957,177319.92,,0.0,,,7824.362,,3.853,,,74.62,0.0,0.0,,,,16.426,,Belize,,,,,,25.0,
BEN,0.545,,,0.0,163.0,,0.0,13352864.0,,28036.0,,,,49.6,,,11.035,,0.0,,1.942,,0.5,0.0,,0.0,,2024-08-04,,,,,0.99,,11.846,,Africa,,,235.848,2037.573,,0.0,,,2064.236,,3.244,,,61.77,0.0,0.0,0.6,,12.3,99.11,,Benin,,,,,,18.8,
BMU,,,,0.0,165.0,,0.0,64207.0,,18860.0,,,,,,,,,0.0,,,,,0.0,,0.0,,2024-08-04,,,,,13.0,,2547.397,,North America,,,139.547,291175.2,,0.0,,,50669.315,,,,,82.59,0.0,0.0,,,,1308.82,,Bermuda,,,,,,,
BTN,0.654,,,0.0,21.0,,0.0,782457.0,,62697.0,,,,1.5,,,79.807,,0.0,,2.977,,1.7,0.0,,0.0,,2024-08-04,,,,,9.75,,26.891,,Asia,,,217.066,80286.07,,0.0,,,8708.597,,4.885,,,71.78,0.0,0.0,,,,21.188,,Bhutan,,,,,,28.6,
BOL,0.718,,,2.0,22387.0,,0.0,12224114.0,,1212147.0,,,,7.1,,,25.383,,0.166,,4.393,,1.1,0.024,,0.0,,2024-08-04,,,,,6.89,,1853.665,,South America,,,204.299,100366.93,,0.0,,,6885.829,,6.704,,,71.51,0.286,0.0,,,,10.202,,Bolivia,,,,,,25.4,
BES,,,,0.0,41.0,,0.0,27052.0,,11922.0,,,,,,,,,0.0,,,,,0.0,,0.0,,2024-08-04,,,,,,,1430.865,,North America,,,,416067.56,,0.0,,,,,,,,77.79,0.0,0.0,,,,,,Bonaire Sint Eustatius and Saba,,,,,,,
BIH,0.78,,,0.0,16392.0,,0.0,3233530.0,,403666.0,,,,0.2,,,97.164,,0.0,,10.711,,3.5,0.0,,0.0,,2024-08-04,,,,,10.08,,5114.82,,Europe,,,329.635,125956.49,,0.0,,,11713.895,,16.569,,,77.4,0.0,0.0,30.2,,47.7,68.496,,Bosnia and Herzegovina,,,,,,42.5,
BWA,0.735,,,0.0,2801.0,,0.0,2630300.0,,330696.0,,,,,,,,,0.0,,2.242,,1.8,0.0,,0.0,,2024-08-04,,,,,4.81,,1148.0,,Africa,,,237.372,135536.98,,0.0,,,15807.374,,3.941,,,69.59,0.0,0.0,5.7,,34.4,4.044,,Botswana,,,,,,25.8,
BRA,0.765,,,0.0,702116.0,,0.0,215313504.0,,37511921.0,,,,3.4,,,,,0.0,,5.06,,2.2,0.0,,0.0,,2024-08-04,,,,,8.11,,3338.538,,South America,,,177.961,178367.94,,0.0,,,14103.452,,8.552,,,75.88,0.0,0.0,10.1,,17.9,25.04,,Brazil,,,,,,33.5,
VGB,,,,0.0,64.0,,0.0,31332.0,,7557.0,,,,,,,,,0.0,,,,,0.0,,0.0,,2024-08-04,,,,,13.67,,1669.101,,North America,,,,197084.3,,0.0,,,,,,,,79.07,0.0,0.0,,,,207.973,,British Virgin Islands,,,,,,,
BRN,0.838,,,288.0,179.0,,0.314,449002.0,,347723.0,,,,,,,,,632.447,,2.382,,2.7,90.35,,0.143,,2024-08-04,,,,,12.79,,393.084,,Asia,,,201.285,763598.6,,1.0,,,71809.251,,4.591,,,75.86,41.143,2.196,2.0,,30.9,81.347,,Brunei,,,,,,32.4,
BGR,0.816,,,257.0,38700.0,,0.0,6781955.0,,1329988.0,,,,1.5,,,,,37.651,,13.272,,7.454,5.379,,0.0,,2024-08-04,,,,,5.81,,5669.613,,Europe,,,424.688,194845.4,,0.0,,,18563.307,,20.801,,,75.05,36.714,0.0,30.1,,44.4,65.18,,Bulgaria,,,,,,44.7,
BFA,0.452,,,0.0,400.0,,0.0,22673764.0,,22139.0,,,,43.7,,,11.877,,0.0,,1.358,,0.4,0.0,,0.0,,2024-08-04,,,,,2.42,,17.771,,Africa,,,269.048,983.56,,0.0,,,1703.102,,2.409,,,61.58,0.0,0.0,1.6,,23.9,70.151,,Burkina Faso,,,,,,17.6,
BDI,0.433,,,0.0,15.0,,0.0,12889583.0,,54569.0,,,,71.7,,,6.144,,0.0,,1.504,,0.8,0.0,,0.0,,2024-08-04,,,,,6.05,,1.126,,Africa,,,293.068,4096.433,,0.0,,,702.225,,2.562,,,61.58,0.0,0.0,,,,423.062,,Burundi,,,,,,17.5,
KHM,0.594,,,6.0,3056.0,,0.0,16767851.0,,139319.0,,,,,,,66.229,,0.349,,2.385,,0.8,0.05,,0.0,,2024-08-04,,,,,4.0,,177.657,,Asia,,,270.892,8099.134,,0.0,,,3645.07,,4.412,,,69.82,0.857,0.0,2.0,,33.7,90.672,,Cambodia,,,,,,25.6,
CMR,0.563,,,0.0,1974.0,,0.0,27914542.0,,125246.0,,,,23.8,,,2.735,,0.0,,1.919,,1.3,0.0,,0.0,,2024-08-04,,,,,7.2,,71.437,,Africa,,,244.661,4532.516,,0.0,,,3364.926,,3.165,,,59.29,0.0,0.0,,,,50.885,,Cameroon,,,,,,18.8,
CAN,0.929,,,38.0,55282.0,11.0,0.0,38454328.0,102877159.0,4819055.0,,,,0.5,,90.73,,442.0,0.979,34890285.0,10.797,,2.5,0.14,267.53,0.0,,2024-08-04,,,,,7.37,,1424.014,,North America,,,105.599,124134.43,,0.0,,,44017.591,,16.984,,,82.43,5.429,0.0,12.0,,16.6,4.037,,Canada,,,,,,41.4,
CPV,0.665,,,0.0,417.0,,0.0,593162.0,,64474.0,,,,,,,,,0.0,,3.437,,2.1,0.0,,0.0,,2024-08-04,,,,,2.42,,802.309,,Africa,,,182.219,124048.1,,0.0,,,6222.554,,4.46,,,72.98,0.0,0.0,2.1,,16.5,135.58,,Cape Verde,,,,,,25.7,
CYM,,,,0.0,37.0,,0.0,68722.0,,31472.0,,,,,,,,,0.0,,,,,0.0,,0.0,,2024-08-04,,,,,13.22,,516.695,,North America,,,,439497.84,,0.0,,,49903.029,,,,,83.92,0.0,0.0,,,,256.496,,Cayman Islands,,,,,,,
CAF,0.397,,,0.0,113.0,,0.0,5579148.0,,15441.0,,,,,,,16.603,,0.0,,2.251,,1.0,0.0,,0.0,,2024-08-04,,,,,6.1,,22.165,,Africa,,,435.727,3028.812,,0.0,,,661.24,,3.655,,,53.28,0.0,0.0,,,,7.479,,Central African Republic,,,,,,18.3,
TCD,0.398,,,0.0,194.0,,0.0,17723312.0,,7702.0,,,,38.4,,,5.818,,0.0,,1.446,,,0.0,,0.0,,2024-08-04,,,,,6.1,,10.512,,Africa,,,280.995,417.332,,0.0,,,1768.153,,2.486,,,54.24,0.0,0.0,,,,11.833,,Chad,,,,,,16.7,
CHL,0.851,,,100.0,62730.0,,0.0,19603736.0,,5401126.0,,,,1.3,,,,,5.114,,6.938,,2.11,0.731,,0.0,,2024-08-04,,,,,8.46,,3208.198,,South America,,,127.993,276229.6,,0.0,,,22767.037,,11.087,,,80.18,14.286,0.0,34.2,,41.5,24.282,,Chile,,,,,,35.4,
CHN,0.761,,,2087.0,122304.0,,0.002,1425887360.0,,99373219.0,,,,0.7,,,,,1.464,,5.929,,4.34,0.209,,2.143,,2024-08-04,,,,,9.74,,85.817,,Asia,,,261.899,69726.805,,15.0,,,15308.712,,10.641,,,76.91,298.143,0.011,1.9,,48.4,147.674,,China,,,,,,38.7,
COL,0.767,,,976.0,142727.0,,0.0,51874028.0,,6391876.0,,,,4.5,,,65.386,,18.864,,4.312,,1.71,2.695,,0.0,,2024-08-04,,,,,7.44,,2758.652,,South America,,,124.24,123543.3,,0.0,,,13254.949,,7.646,,,77.29,139.429,0.0,4.7,,13.5,44.223,,Colombia,,,,,,32.2,
COM,0.554,,,0.0,160.0,,0.0,836783.0,,9109.0,,,,18.1,,,15.574,,0.0,,1.726,,2.2,0.0,,0.0,,2024-08-04,,,,,11.88,,191.802,,Africa,,,261.516,10919.549,,0.0,,,1413.89,,2.963,,,64.32,0.0,0.0,4.4,,23.6,437.352,,Comoros,,,,,,20.4,
COG,0.574,,,0.0,389.0,,0.0,5970430.0,,25227.0,,,,37.0,,,47.964,,0.0,,2.063,,,0.0,,0.0,,2024-08-04,,,,,7.2,,64.456,,Africa,,,344.094,4180.042,,0.0,,,4881.406,,3.402,,,64.57,0.0,0.0,1.7,,52.3,15.405,,Congo,,,,,,19.0,
COK,,,,1.0,2.0,,0.0,17032.0,,7345.0,,,,,,,,,67.81,,,,,9.687,,0.0,,2024-08-04,,,,,,,135.621,,Oceania,,,,498067.4,,0.0,,,,,,,,76.25,0.143,0.0,,,,,,Cook Islands,,,,,,,
CRI,0.81,,,0.0,9372.0,,0.0,5180836.0,,1234701.0,,,,1.3,,,83.841,,0.0,,5.694,,1.13,0.0,,0.0,,2024-08-04,,,,,8.78,,1844.241,,North America,,,137.973,242966.97,,0.0,,,15524.995,,9.468,,,80.28,0.0,0.0,6.4,,17.4,96.079,,Costa Rica,,,,,,33.6,
CIV,0.538,,,0.0,835.0,,0.0,28160548.0,,88434.0,,,,28.2,,,19.351,,0.0,,1.582,,,0.0,,0.0,,2024-08-04,,,,,2.42,,27.472,,Africa,,,303.74,2909.492,,0.0,,,3601.006,,2.933,,,57.78,0.0,0.0,,,,76.399,,Cote d'Ivoire,,,,,,18.7,
HRV,0.851,,,0.0,18752.0,,0.0,4030361.0,,1317144.0,,,,0.7,,,,,0.0,,13.053,,5.54,0.0,,0.0,,2024-08-04,,,,,5.59,,4799.552,,Europe,,,253.782,337121.47,,0.0,,,22669.797,,19.724,,,78.49,0.0,0.0,34.3,,39.9,73.726,,Croatia,,,,,,44.0,
CUB,0.783,,,0.0,8530.0,,0.0,11212198.0,,1113662.0,,,,,,,85.198,,0.0,,9.719,,5.2,0.0,,0.0,,2024-08-04,,,,,8.27,,771.26,,North America,,,190.968,100694.4,,0.0,,,,,14.738,,,78.8,0.0,0.0,17.1,,53.3,110.408,,Cuba,,,,,,43.1,
CUW,,,,0.0,305.0,,0.0,191173.0,,45883.0,,,,,,,,,0.0,,10.068,,,0.0,,0.0,,2024-08-04,,,,,11.62,,1645.527,,North America,,,,247546.55,,0.0,,,,,16.367,,,78.88,0.0,0.0,,,,362.644,,Curacao,,,,,,41.7,
CYP,0.887,,,0.0,1451.0,,0.0,896007.0,,696410.0,,,,,,,,,0.0,,8.563,,3.4,0.0,,0.0,,2024-08-04,,,,,9.24,,1089.85,,Europe,,,141.171,523075.38,,0.0,,,32415.132,,13.416,,,80.98,0.0,0.0,19.6,,52.7,127.657,,Cyprus,,,,,,37.3,
CZE,0.9,46.0,,571.0,43509.0,0.0,0.013,10493990.0,19047108.0,4761919.0,,0.286,66.53,,,53.19,,4.0,53.498,5581388.0,11.58,4.0,6.63,7.643,181.5,0.143,,2024-08-12,,6982006.0,6895763.0,0.0,6.82,,4076.466,0.0,Europe,,,227.485,446155.97,,1.0,4.0,,32605.906,,19.027,,4.383,79.38,81.571,0.094,30.5,46.0,38.3,137.176,0.381,Czechia,,4.383,,3.0,,43.3,65.71
COD,0.48,,,0.0,1474.0,,0.0,99010216.0,,101009.0,,,,77.1,,,4.472,,0.0,,1.745,,,0.0,,0.0,,2024-08-04,,,,,6.1,,14.395,,Africa,,,318.949,986.445,,0.0,,,808.133,,3.02,,,60.68,0.0,0.0,,,,35.879,,Democratic Republic of Congo,,,,,,17.0,
DNK,0.94,,,0.0,9693.0,,0.0,5882259.0,,3435679.0,,,,0.2,,,,,0.0,,12.325,,2.5,0.0,,0.0,,2024-08-04,,,,,6.41,,1642.075,,Europe,,,114.767,582032.56,,0.0,,,46682.515,,19.677,,,80.9,0.0,0.0,19.3,,18.8,136.52,,Denmark,,,,,,42.3,
DJI,0.524,,,0.0,189.0,,0.0,1120851.0,,15690.0,,,,22.5,,,,,0.0,,2.38,,1.4,0.0,,0.0,,2024-08-04,,,,,6.05,,166.212,,Africa,,,258.037,13798.259,,0.0,,,2705.406,,4.213,,,67.11,0.0,0.0,1.7,,24.5,41.285,,Djibouti,,,,,,25.4,
DMA,0.742,,,0.0,74.0,,0.0,72758.0,,16047.0,,,,,,,,,0.0,,,,3.8,0.0,,0.0,,2024-08-04,,,,,11.62,,1106.956,,North America,,,227.376,240044.88,,0.0,,,9673.367,,,,,75.0,0.0,0.0,,,,98.567,,Dominica,,,,,,,
DOM,0.756,,,0.0,4384.0,,0.0,11228821.0,,661103.0,,,,1.6,,,55.182,,0.0,,4.419,,1.6,0.0,,0.0,,2024-08-04,,,,,8.2,,390.357,,North America,,,266.653,58865.52,,0.0,,,14600.861,,6.981,,,74.08,0.0,0.0,8.5,,19.1,222.873,,Dominican Republic,,,,,,27.6,
TLS,0.606,,,0.0,138.0,,0.0,1341298.0,,23460.0,,,,30.3,,,28.178,,0.0,,1.897,,5.9,0.0,,0.0,,2024-08-04,,,,,6.86,,100.781,,Asia,,,335.346,17132.854,,0.0,,,6570.102,,3.556,,,69.5,0.0,0.0,6.3,,78.1,87.176,,East Timor,,,,,,18.0,
ECU,0.759,,,157.0,36050.0,,0.0,18001002.0,,1077445.0,,,,3.6,,,80.635,,8.808,,4.458,,1.5,1.258,,0.0,,2024-08-04,,,,,5.55,,2022.565,,South America,,,140.448,60449.453,,0.0,,,10581.936,,7.104,,,77.01,22.429,0.0,2.0,,12.3,66.939,,Ecuador,,,,,,28.1,
EGY,0.707,,,0.0,24830.0,,0.0,110990096.0,,516023.0,,,,1.3,,,89.827,,0.0,,2.891,,1.6,0.0,,0.0,,2024-08-04,,,,,17.31,,220.479,,Africa,,,525.432,4582.054,,0.0,,,10550.206,,5.159,,,71.99,0.0,0.0,0.2,,50.1,97.999,,Egypt,,,,,,25.3,
SLV,0.673,,,3.0,4230.0,,0.0,6336393.0,,201920.0,,,,2.2,,,90.65,,0.478,,5.417,,1.3,0.068,,0.0,,2024-08-04,,,,,8.87,,673.533,,North America,,,167.295,32151.248,,0.0,,,7292.458,,8.273,,,73.32,0.429,0.0,2.5,,18.8,307.811,,El Salvador,,,,,,27.6,
GNQ,0.592,,,0.0,183.0,,0.0,1674916.0,,17130.0,,,,,,,24.64,,0.0,,1.752,,2.1,0.0,,0.0,,2024-08-04,,,,,7.78,,101.467,,Africa,,,202.812,9497.935,,0.0,,,22604.873,,2.846,,,58.74,0.0,0.0,,,,45.194,,Equatorial Guinea,,,,,,22.4,
ERI,0.459,,,0.0,103.0,,0.0,3684041.0,,10189.0,,,,,,,,,0.0,,2.171,,0.7,0.0,,0.0,,2024-08-04,,,,,6.05,,30.21,,Africa,,,311.11,2988.457,,0.0,,,1510.459,,3.607,,,66.32,0.0,0.0,0.2,,11.4,44.304,,Eritrea,,,,,,19.3,
EST,0.892,,,0.0,2998.0,11.0,0.0,1326064.0,2171623.0,610471.0,,,65.62,0.5,,49.73,,15.0,0.0,659459.0,13.491,9.0,4.69,0.0,163.76,0.0,,2024-08-12,,870213.0,862748.0,0.0,4.02,,2220.589,2.0,Europe,,,255.569,452169.94,,0.0,,,29481.252,,19.452,,,78.74,0.0,0.0,24.5,,39.3,31.033,,Estonia,,,,,,42.7,65.06
SWZ,0.611,,,0.0,1427.0,,0.0,1201680.0,,75356.0,,,,,,,24.097,,0.0,,1.845,,2.1,0.0,,0.0,,2024-08-04,,,,,3.94,,1170.708,,Africa,,,333.436,61821.89,,0.0,,,7738.975,,3.163,,,60.19,0.0,0.0,1.7,,16.5,79.492,,Eswatini,,,,,,21.5,
ETH,0.485,,,0.0,7574.0,,0.0,123379928.0,,501193.0,,,,26.7,,,7.96,,0.0,,2.063,,0.3,0.0,,0.0,,2024-08-04,,,,,7.47,,60.406,,Africa,,,182.634,3997.255,,0.0,,,1729.927,,3.526,,,66.6,0.0,0.0,0.4,,8.5,104.957,,Ethiopia,,,,,,19.8,
OWID_EUR,,,,39047.0,2102483.0,0.0,0.031,744807803.0,1399334208.0,252916868.0,,,70.33,,,49.02,,17.0,52.181,365099941.0,,64.0,,7.454,187.88,23.143,,2024-08-14,,523814328.0,493751304.0,0.0,,,2809.694,2.0,,,,,337990.34,,162.0,,,,,,,,,5578.143,0.216,,,,,,Europe,,,,,,,66.29
OWID_EUN,,,,25642.0,1262988.0,0.0,0.048,450146793.0,951113290.0,185822587.0,,,75.11,,,62.74,,17.0,57.095,282438789.0,,64.0,,8.156,211.29,21.429,,2024-08-14,,338119562.0,327967426.0,0.0,,,2812.18,2.0,,,,,413754.22,,150.0,,,,,,,,,3663.143,0.334,,,,,,European Union (27),,,,,,,72.86
FLK,,,,0.0,0.0,,0.0,3801.0,,1923.0,,,,,,,,,0.0,,,,,0.0,,0.0,,2024-08-04,,,,,,,0.0,,South America,,,,547083.94,,0.0,,,,,,,,81.44,0.0,0.0,,,,,,Falkland Islands,,,,,,,
FRO,,,,0.0,28.0,,0.0,53117.0,,34658.0,,,,,,,,,0.0,,,,,0.0,,0.0,,2024-08-04,,,,,,,518.144,,Europe,,,,641351.6,,0.0,,,,,,,,80.67,0.0,0.0,,,,35.308,,Faroe Islands,,,,,,,
FJI,0.743,,,0.0,885.0,,0.0,929769.0,,69047.0,,,,1.4,,,,,0.0,,3.284,,2.3,0.0,,0.0,,2024-08-04,,,,,14.49,,962.555,,Oceania,,,412.82,75097.78,,0.0,,,8702.975,,6.224,,,67.44,0.0,0.0,10.2,,34.8,49.562,,Fiji,,,,,,28.6,
FIN,0.938,,,0.0,11466.0,,0.0,5540745.0,,1499712.0,,,,,,,,,0.0,,13.264,,3.28,0.0,,0.0,,2024-08-04,,,,,5.76,,2058.787,,Europe,,,153.507,269281.97,,0.0,,,40585.721,,21.228,,,81.91,0.0,0.0,18.3,,22.6,18.136,,Finland,,,,,,42.8,
FRA,0.901,,,,168091.0,,,67813000.0,,38997490.0,,,,,,,,,,,13.079,,5.98,,,,,2024-08-04,,,,,4.77,,2615.087,,Europe,,,86.06,606706.0,,,,,38605.671,,19.718,,,82.66,,,30.1,,35.6,122.578,,France,,,,,,42.0,
GUF,,,,0.0,413.0,,0.0,304568.0,,98041.0,,,,,,,,,0.0,,2.897,,,0.0,,0.0,,2024-08-04,,,,,,,1384.424,,South America,,,,328644.84,,0.0,,,,,,,,79.95,0.0,0.0,,,,,,French Guiana,,,,,,25.3,
PYF,,,,47.0,650.0,,0.0,306292.0,,79387.0,,,,,,,,,167.624,,4.593,,,23.946,,0.0,,2024-08-04,,,,,22.63,,2318.208,,Oceania,,,,283131.66,,0.0,,,,,7.775,,,77.66,6.714,0.0,,,,77.324,,French Polynesia,,,,,,32.7,
GAB,0.703,,,0.0,307.0,,0.0,2388997.0,,49051.0,,,,3.4,,,,,0.0,,2.976,,6.3,0.0,,0.0,,2024-08-04,,,,,7.2,,126.298,,Africa,,,259.967,20179.352,,0.0,,,16562.413,,4.45,,,66.47,0.0,0.0,,,,7.859,,Gabon,,,,,,23.1,
GMB,0.496,,,0.0,372.0,,0.0,2705995.0,,12627.0,,,,10.1,,,7.876,,0.0,,1.417,,1.1,0.0,,0.0,,2024-08-04,,,,,1.91,,141.098,,Africa,,,331.43,4789.353,,0.0,,,1561.767,,2.339,,,62.05,0.0,0.0,0.7,,31.2,207.566,,Gambia,,,,,,17.5,
GEO,0.812,,,0.0,17150.0,,0.0,3744385.0,,1863615.0,,,,4.2,,,,,0.0,,10.244,,2.6,0.0,,0.0,,2024-08-04,,,,,7.11,,4519.362,,Asia,,,496.218,491099.22,,0.0,,,9745.079,,14.864,,,73.77,0.0,0.0,5.3,,55.5,65.032,,Georgia,,,,,,38.7,
DEU,0.947,,,,174979.0,,,83369840.0,,38437756.0,,,,,,,,,,,15.957,,8.0,,,,,2024-08-04,,,,,8.31,,2080.947,,Europe,,,156.139,457123.1,,,,,45229.245,,21.453,,,81.33,,,28.2,,33.1,237.016,,Germany,,,,,,46.6,
GHA,0.611,,,0.0,1462.0,,0.0,33475870.0,,172062.0,,,,12.0,,,41.047,,0.0,,1.948,,0.9,0.0,,0.0,,2024-08-04,,,,,4.97,,44.104,,Africa,,,298.245,5190.54,,0.0,,,4227.63,,3.385,,,64.07,0.0,0.0,0.3,,7.7,126.719,,Ghana,,,,,,21.1,
GIB,,,,0.0,113.0,,0.0,32677.0,,20550.0,,,,,,,,,0.0,,,,,0.0,,0.0,,2024-08-04,,,,,,,3002.844,,Europe,,,,546092.3,,0.0,,,,,,,,79.93,0.0,0.0,,,,3457.1,,Gibraltar,,,,,,,
GRC,0.888,,,5818.0,39258.0,,0.549,10384972.0,,5673681.0,,,,1.5,,,,,558.752,,14.524,,4.21,79.822,,5.714,,2024-08-04,,,,,4.55,,3770.283,,Europe,,,175.695,544892.3,,40.0,,,24574.382,,20.396,,,82.24,831.143,3.842,35.3,,52.0,83.479,,Greece,,,,,,45.3,
GRL,,,,0.0,21.0,,0.0,56494.0,,11971.0,,,,,,,,,0.0,,,,,0.0,,0.0,,2024-08-04,,,,,2.16,,374.906,,North America,,,199.941,213714.42,,0.0,,,,,,,,71.7,0.0,0.0,,,,0.137,,Greenland,,,,,,,
GRD,0.779,,,0.0,238.0,,0.0,125459.0,,19693.0,,,,,,,,,0.0,,5.021,,3.7,0.0,,0.0,,2024-08-04,,,,,10.71,,2035.441,,North America,,,243.964,168419.88,,0.0,,,13593.877,,7.304,,,72.4,0.0,0.0,,,,317.132,,Grenada,,,,,,29.4,
GLP,,,,0.0,1021.0,,0.0,395762.0,,203235.0,,,,,,,,,0.0,,,,,0.0,,0.0,,2024-08-04,,,,,,,2653.995,,North America,,,,528290.6,,0.0,,,,,,,,82.14,0.0,0.0,,,,,,Guadeloupe,,,,,,43.4,
GUM,,,,0.0,419.0,,0.0,171783.0,,52287.0,,,,,,,,,0.0,,5.493,,,0.0,,0.0,,2024-08-04,,,,,21.52,,2536.427,,Oceania,,,310.496,316520.7,,0.0,,,,,9.551,,,80.07,0.0,0.0,,,,304.128,,Guam,,,,,,31.4,
GTM,0.663,,,1.0,20203.0,,0.0,17843914.0,,1250371.0,,,,8.7,,,76.665,,0.056,,3.016,,0.6,0.008,,0.0,,2024-08-04,,,,,10.18,,1131.955,,North America,,,155.898,70057.125,,0.0,,,7423.808,,4.694,,,74.3,0.143,0.0,,,,157.834,,Guatemala,,,,,,22.9,
GGY,,,,0.0,67.0,,0.0,63329.0,,35326.0,,,,,,,,,0.0,,,,,0.0,,0.0,,2024-08-04,,,,,,,1051.013,,Europe,,,,554150.6,,0.0,,,,,,,,,0.0,0.0,,,,,,Guernsey,,,,,,,
GIN,0.477,,,0.0,468.0,,0.0,13859349.0,,38572.0,,,,35.3,,,17.45,,0.0,,1.733,,0.3,0.0,,0.0,,2024-08-04,,,,,2.42,,33.297,,Africa,,,336.717,2744.335,,0.0,,,1998.926,,3.135,,,61.6,0.0,0.0,,,,51.755,,Guinea,,,,,,19.0,
GNB,0.48,,,0.0,177.0,,0.0,2105580.0,,9614.0,,,,67.1,,,6.403,,0.0,,1.565,,,0.0,,0.0,,2024-08-04,,,,,2.42,,84.064,,Africa,,,382.474,4566.056,,0.0,,,1548.675,,3.002,,,58.32,0.0,0.0,,,,66.191,,Guinea-Bissau,,,,,,19.4,
GUY,0.682,,,4.0,1302.0,,0.0,808727.0,,74443.0,,,,,,,77.159,,4.868,,2.837,,1.6,0.695,,0.0,,2024-08-04,,,,,11.62,,1584.643,,South America,,,373.159,90603.38,,0.0,,,7435.047,,5.305,,,69.91,0.571,0.0,,,,3.952,,Guyana,,,,,,26.3,
HTI,0.51,,,0.0,860.0,,0.0,11585003.0,,34456.0,,,,23.5,,,22.863,,0.0,,2.954,,0.7,0.0,,0.0,,2024-08-04,,,,,6.65,,74.759,,North America,,,430.548,2995.235,,0.0,,,1653.173,,4.8,,,64.0,0.0,0.0,2.9,,23.1,398.448,,Haiti,,,,,,24.3,
OWID_HIC,,,,32293.0,2997359.0,1.0,0.092,1250514600.0,2840880020.0,429044049.0,,,79.86,,,67.11,,1317.0,26.454,839231470.0,,1421.0,,3.779,227.18,112.286,,2024-08-14,,998723024.0,929255961.0,0.0,,,2455.406,7.0,,,,,351468.5,,786.0,,,,,,,,,4613.286,0.644,,,,,,High-income countries,,,,,,,74.31
HND,0.634,,,1.0,11114.0,,0.0,10432858.0,,472896.0,,,,16.0,,,84.169,,0.096,,2.883,,0.7,0.014,,0.0,,2024-08-04,,,,,7.21,,1062.13,,North America,,,240.208,45193.176,,0.0,,,4541.795,,4.652,,,75.27,0.143,0.0,2.0,,,82.805,,Honduras,,,,,,24.9,
HKG,0.949,,,,,25.0,,7488863.0,21014839.0,,,,92.41,,,97.36,,189.0,,7291392.0,10.158,,,,280.61,,,2024-08-10,,6920120.0,6803327.0,0.0,8.33,,,5.0,Asia,,,,,,,,,56054.92,,16.303,,,84.86,,,,,,7039.714,,Hong Kong,,,,,,44.8,90.85
HUN,0.854,,,143.0,49053.0,,0.0,9967304.0,,2230800.0,,,,0.5,,,,,14.766,,11.976,,7.02,2.109,,0.0,,2024-08-04,,,,,7.55,,5065.206,,Europe,,,278.296,230352.08,,0.0,,,26777.561,,18.577,,,76.88,20.429,0.0,26.8,,34.8,108.043,,Hungary,,,,,,43.4,
ISL,0.949,,,27.0,186.0,,0.0,372903.0,,210374.0,,,,0.2,,,,,70.984,,9.207,,2.91,10.141,,0.0,,2024-08-04,,,,,5.31,,489.0,,Europe,,,117.992,553080.2,,0.0,,,46482.958,,14.431,,,82.99,3.857,0.0,14.3,,15.2,3.404,,Iceland,,,,,,37.3,
IND,0.645,,,313.0,533623.0,0.0,0.0,1417173120.0,2206868000.0,45041748.0,,,72.5,21.2,,16.05,59.55,8.0,0.22,227438524.0,3.414,7.0,0.53,0.031,155.72,0.0,,2024-08-12,,1027438924.0,951990552.0,0.0,10.39,,374.361,3.0,Asia,,,282.28,31598.86,,0.0,,,6426.674,,5.989,,,69.66,44.714,0.0,1.9,,20.6,450.419,,India,,,,,,28.2,67.18
IDN,0.718,,,46.0,162059.0,,0.0,275501344.0,,6829399.0,,,,5.7,,,64.204,,0.165,,3.053,,1.04,0.024,,0.0,,2024-08-04,,,,,6.32,,581.21,,Asia,,,342.864,24493.01,,0.0,,,11188.744,,5.319,,,71.72,6.571,0.0,2.8,,76.1,145.725,,Indonesia,,,,,,29.3,
IRN,0.783,,,0.0,146837.0,,0.0,88550568.0,,7627863.0,,,,0.2,,,,,0.0,,3.182,,1.5,0.0,,0.0,,2024-08-04,,,,,9.59,,1640.192,,Asia,,,270.308,85204.44,,0.0,,,19082.62,,5.44,,,76.68,0.0,0.0,0.8,,21.1,49.831,,Iran,,,,,,32.4,
IRQ,0.674,,,0.0,25375.0,,0.0,44496124.0,,2465545.0,,,,2.5,,,94.576,,0.0,,1.957,,1.4,0.0,,0.0,,2024-08-04,,,,,8.83,,575.781,,Asia,,,218.612,55945.402,,0.0,,,15663.986,,3.186,,,70.6,0.0,0.0,,,,88.125,,Iraq,,,,,,20.0,
IRL,0.955,,,761.0,9744.0,,0.252,5023108.0,,1745088.0,,,,0.2,,,,,148.923,,8.678,,2.96,21.275,,1.286,,2024-08-04,,,,,3.28,,1906.844,,Europe,,,126.459,341503.62,,9.0,,,67335.293,,13.928,,,82.3,108.714,1.761,23.0,,25.7,69.874,,Ireland,,,,,,38.7,
IMN,,,,0.0,116.0,,0.0,84534.0,,38008.0,,,,,,,,,0.0,,,,,0.0,,0.0,,2024-08-04,,,,,,,1378.589,,Europe,,,,451701.84,,0.0,,,,,,,,81.4,0.0,0.0,,,,147.872,,Isle of Man,,,,,,,
ISR,0.919,,,0.0,12707.0,,0.0,9449000.0,,4841558.0,,,,0.5,,,,,0.0,,7.359,,2.99,0.0,,0.0,,2024-08-04,,,,,6.74,,1395.891,,Asia,,,93.32,531855.56,,0.0,,,33132.32,,11.733,,,82.97,0.0,0.0,15.4,,35.4,402.606,,Israel,,,,,,30.6,
ITA,0.892,,,6350.0,197307.0,,0.014,59037472.0,,26781078.0,,0.813,,2.0,,,,,106.509,,16.24,,3.18,15.216,,0.857,,2024-08-07,,,,,4.78,,3309.459,,Europe,,,113.151,449202.94,,6.0,50.0,,35220.084,,23.021,,,83.51,907.143,0.101,19.8,2080.0,27.8,205.859,0.847,Italy,,35.232,,48.0,,47.9,
JAM,0.734,,,12.0,3611.0,,0.0,2827382.0,,157181.0,,,,,,,66.425,,4.227,,6.39,,1.7,0.604,,0.0,,2024-08-04,,,,,11.28,,1271.859,,North America,,,206.537,55361.973,,0.0,,,8193.571,,9.684,,,74.47,1.714,0.0,5.3,,28.6,266.879,,Jamaica,,,,,,31.4,
JPN,0.919,,,0.0,74694.0,,0.0,123951696.0,,33803572.0,,,,,,,,,0.0,,18.493,,13.05,0.0,,0.0,,2024-08-04,,,,,5.72,,597.564,,Asia,,,79.37,270433.8,,0.0,,,39002.223,,27.049,,,84.63,0.0,0.0,11.2,,33.7,347.778,,Japan,,,,,,48.2,
JEY,,,,0.0,161.0,,0.0,110796.0,,66391.0,,,,,,,,,0.0,,,,,0.0,,0.0,,2024-08-04,,,,,,,1555.661,,Europe,,,,641502.3,,0.0,,,,,,,,,0.0,0.0,,,,,,Jersey,,,,,,,
JOR,0.729,,,0.0,14122.0,,0.0,11285875.0,,1746997.0,,,,0.1,,,,,0.0,,2.361,,1.4,0.0,,0.0,,2024-08-04,,,,,11.75,,1254.59,,Asia,,,208.257,155202.16,,0.0,,,8337.49,,3.81,,,74.53,0.0,0.0,,,,109.285,,Jordan,,,,,,23.2,
KAZ,0.825,,,0.0,19072.0,,0.0,19397998.0,,1504370.0,,,,0.1,,,98.999,,0.0,,4.625,,6.7,0.0,,0.0,,2024-08-04,,,,,7.11,,951.953,,Asia,,,466.792,75088.555,,0.0,,,24055.588,,6.991,,,73.6,0.0,0.0,7.0,,43.1,6.681,,Kazakhstan,,,,,,30.6,
KEN,0.601,,,0.0,5689.0,,0.0,54027484.0,,344106.0,,,,36.8,,,24.651,,0.0,,1.528,,1.4,0.0,,0.0,,2024-08-04,,,,,2.92,,104.862,,Africa,,,218.637,6342.68,,0.0,,,2993.028,,2.686,,,66.7,0.0,0.0,1.2,,20.4,87.324,,Kenya,,,,,,20.0,
KIR,0.63,,,0.0,24.0,,0.0,131237.0,,5085.0,,,,,,,,,0.0,,2.21,,1.9,0.0,,0.0,,2024-08-04,,,,,22.66,,183.935,,Oceania,,,434.657,38971.19,,0.0,,,1981.132,,3.895,,,68.37,0.0,0.0,35.9,,58.9,143.701,,Kiribati,,,,,,23.2,
OWID_KOS,,,,0.0,3212.0,,0.0,1782115.0,,274279.0,,,,0.6,,,,,0.0,,,,,0.0,,0.0,,2024-08-04,,,,,,,1869.67,,Europe,,,,159654.83,,0.0,,,9795.834,,,,,,0.0,0.0,,,,168.155,,Kosovo,,,,,,,
KWT,0.806,,,0.0,2570.0,,0.0,4268886.0,,667290.0,,,,,,,,,0.0,,1.114,,2.0,0.0,,0.0,,2024-08-04,,,,,15.84,,559.972,,Asia,,,132.235,145394.48,,0.0,,,65530.537,,2.345,,,75.49,0.0,0.0,2.7,,37.0,232.128,,Kuwait,,,,,,33.7,
KGZ,0.697,,,0.0,1024.0,,0.0,6630621.0,,88953.0,,,,1.4,,,89.22,,0.0,,2.882,,4.5,0.0,,0.0,,2024-08-04,,,,,7.11,,147.215,,Asia,,,436.362,12788.335,,0.0,,,3393.474,,4.489,,,71.45,0.0,0.0,3.6,,50.5,32.333,,Kyrgyzstan,,,,,,26.3,
LAO,0.613,,,0.0,671.0,,0.0,7529477.0,,219060.0,,,,22.7,,,49.839,,0.0,,2.322,,1.5,0.0,,0.0,,2024-08-04,,,,,4.0,,88.768,,Asia,,,368.111,28979.996,,0.0,,,6397.36,,4.029,,,67.92,0.0,0.0,7.3,,51.2,29.715,,Laos,,,,,,24.4,
LVA,0.866,,,0.0,7475.0,,0.0,1850654.0,,977765.0,,,,0.7,,,,,0.0,,14.136,,5.57,0.0,,0.0,,2024-08-04,,,,,4.91,,3973.828,,Europe,,,350.06,519795.25,,0.0,,,25063.846,,19.754,,,75.29,0.0,0.0,25.6,,51.0,31.212,,Latvia,,,,,,43.9,
LBN,0.744,,,0.0,10947.0,,0.0,5489744.0,,1239904.0,,,,,,,,,0.0,,5.43,,2.9,0.0,,0.0,,2024-08-04,,,,,12.71,,1905.651,,Asia,,,266.591,215842.16,,0.0,,,13367.565,,8.514,,,78.93,0.0,0.0,26.9,,40.7,594.561,,Lebanon,,,,,,31.1,
LSO,0.527,,,0.0,709.0,,0.0,2305826.0,,36138.0,,,,59.6,,,2.117,,0.0,,2.647,,,0.0,,0.0,,2024-08-04,,,,,3.94,,310.134,,Africa,,,405.126,15807.624,,0.0,,,2851.153,,4.506,,,54.33,0.0,0.0,0.4,,53.9,73.562,,Lesotho,,,,,,22.2,
LBR,0.48,,,0.0,294.0,,0.0,5302690.0,,7930.0,,,,38.6,,,1.188,,0.0,,1.756,,0.8,0.0,,0.0,,2024-08-04,,,,,2.42,,54.715,,Africa,,,272.509,1475.817,,0.0,,,752.788,,3.057,,,64.1,0.0,0.0,1.5,,18.1,49.127,,Liberia,,,,,,19.2,
LBY,0.724,,,0.0,6437.0,,0.0,6812344.0,,507269.0,,,,,,,,,0.0,,2.816,,3.7,0.0,,0.0,,2024-08-04,,,,,10.43,,891.082,,Africa,,,341.862,70221.87,,0.0,,,17881.509,,4.424,,,72.91,0.0,0.0,,,,3.623,,Libya,,,,,,29.0,
LIE,0.919,,,0.0,89.0,,0.0,39355.0,,21588.0,,,,,,,,,0.0,,,,2.397,0.0,,0.0,,2024-08-04,,,,,7.77,,2262.558,,Europe,,,,548810.25,,0.0,,,,,,,,82.49,0.0,0.0,,,,237.012,,Liechtenstein,,,,,,,
LTU,0.882,,,807.0,9810.0,1.0,0.0,2750058.0,4604865.0,1369355.0,,,71.21,0.7,,34.49,,2.0,286.483,948621.0,13.778,1.0,6.56,40.926,167.45,0.0,,2024-08-14,,1958300.0,1881106.0,0.0,3.67,,3482.525,0.0,Europe,,,342.989,486117.47,,0.0,,,29524.265,,19.002,,,75.93,115.286,0.0,21.3,,38.0,45.135,,Lithuania,,,,,,43.5,68.4
OWID_LIC,,,,0.0,43529.0,,0.0,737604900.0,,1944334.0,,,,,,,,,0.0,,,,,0.0,,0.0,,2024-08-04,,,,,,,60.721,,,,,,2712.27,,0.0,,,,,,,,,0.0,0.0,,,,,,Low-income countries,,,,,,,
OWID_LMC,,,,598.0,1188026.0,0.0,0.0,3432097300.0,4954377376.0,91954400.0,,,66.49,,,19.87,,9.0,0.186,681863964.0,,10.0,,0.027,144.35,0.0,,2024-08-12,,2281867638.0,2053053994.0,0.0,,,369.385,3.0,,,,,28590.73,,0.0,,,,,,,,,85.429,0.0,,,,,,Lower-middle-income countries,,,,,,,59.82
LUX,0.916,,,190.0,1000.0,,0.0,647601.0,,393542.0,,,,0.2,,,,,290.824,,9.842,,4.51,41.546,,0.0,,2024-08-04,,,,,4.42,,1530.653,,Europe,,,128.275,602376.2,,0.0,,,94277.965,,14.312,,,82.25,27.143,0.0,20.9,,26.0,231.447,,Luxembourg,,,,,,39.7,
MDG,0.528,,,0.0,1428.0,,0.0,29611718.0,,68567.0,,,,77.6,,,50.54,,0.0,,1.686,,0.2,0.0,,0.0,,2024-08-04,,,,,3.94,,46.916,,Africa,,,405.994,2252.732,,0.0,,,1416.44,,2.929,,,67.04,0.0,0.0,,,,43.951,,Madagascar,,,,,,19.6,
MWI,0.483,,,0.0,2686.0,,0.0,20405318.0,,89168.0,,,,71.4,,,8.704,,0.0,,1.783,,1.3,0.0,,0.0,,2024-08-04,,,,,3.94,,130.587,,Africa,,,227.349,4335.124,,0.0,,,1095.042,,2.979,,,64.26,0.0,0.0,4.4,,24.7,197.519,,Malawi,,,,,,18.1,
MYS,0.81,83.0,,1085.0,37351.0,0.0,0.0,33938216.0,72657288.0,5309410.0,,,82.91,0.1,,50.64,,11.0,31.272,17185825.0,3.407,14.0,1.9,4.467,214.09,0.0,,2024-08-14,,28138569.0,27551144.0,0.0,16.74,,1076.538,2.0,Asia,,,260.942,153028.81,,0.0,0.0,,26808.164,,6.293,,2.446,76.16,155.0,0.0,1.0,24.0,42.4,96.254,0.0,Malaysia,,0.707,,,,29.9,81.18
MDV,0.74,,,0.0,316.0,,0.0,523798.0,,186694.0,,,,,,,95.803,,0.0,,2.875,,,0.0,,0.0,,2024-08-04,,,,,9.19,,602.92,,Asia,,,164.905,356207.4,,0.0,,,15183.616,,4.12,,,78.92,0.0,0.0,2.1,,55.0,1454.433,,Maldives,,,,,,30.6,
MLI,0.434,,,0.0,743.0,,0.0,22593598.0,,33166.0,,,,,,,52.232,,0.0,,1.486,,0.1,0.0,,0.0,,2024-08-04,,,,,2.42,,32.203,,Africa,,,268.024,1437.46,,0.0,,,2014.306,,2.519,,,59.31,0.0,0.0,1.6,,23.0,15.196,,Mali,,,,,,16.4,
MLT,0.895,,,80.0,922.0,,0.27,533293.0,,122796.0,,,,0.2,,,,,151.46,,11.324,,4.485,21.637,,0.143,,2024-08-04,,,,,8.83,,1745.571,,Europe,,,168.711,232482.77,,1.0,,,36513.323,,19.426,,,82.53,11.429,1.893,20.9,,30.2,1454.037,,Malta,,,,,,42.4,
MHL,0.704,,,0.0,17.0,,0.0,41593.0,,16297.0,,,,,,,82.502,,0.0,,,,2.7,0.0,,0.0,,2024-08-04,,,,,30.53,,424.004,,Oceania,,,557.793,406469.78,,0.0,,,3819.202,,,,,73.7,0.0,0.0,,,,295.15,,Marshall Islands,,,,,,,
MTQ,,,,0.0,1104.0,,0.0,367512.0,,230354.0,,,,,,,,,0.0,,12.543,,,0.0,,0.0,,2024-08-04,,,,,,,3159.151,,North America,,,,659169.44,,0.0,,,,,,,,82.54,0.0,0.0,,,,,,Martinique,,,,,,45.7,
MRT,0.546,,,0.0,997.0,,0.0,4736146.0,,63872.0,,,,6.0,,,15.95,,0.0,,1.792,,,0.0,,0.0,,2024-08-04,,,,,2.42,,204.486,,Africa,,,232.347,13100.216,,0.0,,,3597.633,,3.138,,,64.92,0.0,0.0,,,,4.289,,Mauritania,,,,,,20.3,
MUS,0.804,,,0.0,1073.0,,0.0,1299478.0,,328167.0,,,,0.5,,,,,0.0,,5.884,,3.4,0.0,,0.0,,2024-08-04,,,,,22.02,,840.821,,Africa,,,224.644,257157.16,,0.0,,,20292.745,,10.945,,,74.99,0.0,0.0,3.2,,40.7,622.962,,Mauritius,,,,,,37.4,
MYT,,,,0.0,187.0,,0.0,326113.0,,42027.0,,,,,,,,,0.0,,2.411,,,0.0,,0.0,,2024-08-04,,,,,,,612.556,,Africa,,,,137667.97,,0.0,,,,,,,,79.46,0.0,0.0,,,,,,Mayotte,,,,,,20.1,
MEX,0.779,,,340.0,334551.0,,0.0,127504120.0,,7619458.0,,,,2.5,,,87.847,,2.644,,4.321,,1.38,0.378,,0.0,,2024-08-04,,,,,13.06,,2601.22,,North America,,,152.783,59243.242,,0.0,,,17336.469,,6.857,,,75.05,48.571,0.0,6.9,,21.4,66.444,,Mexico,,,,,,29.3,
FSM,0.62,,,0.0,65.0,,0.0,114178.0,,31765.0,,,,16.0,,,,,0.0,,2.392,,,0.0,,0.0,,2024-08-04,,,,,12.02,,579.715,,Oceania,,,454.343,283302.4,,0.0,,,3299.464,,4.81,,,67.88,0.0,0.0,,,,150.777,,Micronesia (country),,,,,,23.0,
MDA,0.75,,,743.0,12245.0,,0.094,3272993.0,,637520.0,,,,0.2,,,86.979,,244.409,,6.955,,5.8,34.916,,0.286,,2024-08-04,,,,,5.72,,4027.978,,Europe,,,408.502,209711.42,,2.0,,,5189.972,,10.864,,,71.9,106.143,0.658,5.9,,44.6,123.655,,Moldova,,,,,,37.6,
MCO,,,,0.0,67.0,,0.0,36491.0,,17181.0,,,,,,,,,0.0,,,,13.8,0.0,,0.0,,2024-08-04,,,,,5.46,,1720.198,,Europe,,,,441115.3,,0.0,,,,,,,,86.75,0.0,0.0,,,,19347.5,,Monaco,,,,,,,
MNG,0.737,,,0.0,2136.0,,0.0,3398373.0,,1011489.0,,,,0.5,,,71.18,,0.0,,2.421,,7.0,0.0,,0.0,,2024-08-04,,,,,4.82,,630.83,,Asia,,,460.043,298725.5,,0.0,,,11840.846,,4.031,,,69.87,0.0,0.0,5.5,,46.5,1.98,,Mongolia,,,,,,28.6,
MNE,0.829,,,0.0,2654.0,,0.0,627082.0,,251280.0,,,,1.0,,,,,0.0,,9.395,,3.861,0.0,,0.0,,2024-08-04,,,,,10.08,,4317.904,,Europe,,,387.305,408818.03,,0.0,,,16409.288,,14.762,,,76.88,0.0,0.0,44.0,,47.9,46.28,,Montenegro,,,,,,39.1,
MSR,,,,0.0,8.0,,0.0,4413.0,,1403.0,,,,,,,,,0.0,,,,,0.0,,0.0,,2024-08-04,,,,,,,1787.31,,North America,,,,313449.5,,0.0,,,,,,,,74.16,0.0,0.0,,,,,,Montserrat,,,,,,,
MAR,0.686,,,0.0,16305.0,,0.0,37457976.0,,1279115.0,,,,1.0,,,,,0.0,,4.209,,1.1,0.0,,0.0,,2024-08-04,,,,,7.14,,436.791,,Africa,,,419.146,34265.92,,0.0,,,7485.013,,6.769,,,76.68,0.0,0.0,0.8,,47.1,80.08,,Morocco,,,,,,29.6,
MOZ,0.456,,,0.0,2252.0,,0.0,32969520.0,,233843.0,,,,62.9,,,12.227,,0.0,,1.87,,0.7,0.0,,0.0,,2024-08-04,,,,,3.3,,68.961,,Africa,,,329.942,7160.744,,0.0,,,1136.103,,3.158,,,60.85,0.0,0.0,5.1,,29.1,37.728,,Mozambique,,,,,,17.7,
MMR,0.583,,,26.0,19494.0,,0.0,54179312.0,,642885.0,,,,6.4,,,79.287,,0.484,,3.12,,0.9,0.069,,0.0,,2024-08-04,,,,,4.61,,362.633,,Asia,,,202.104,11959.141,,0.0,,,5591.597,,5.732,,,67.13,3.714,0.0,6.3,,35.2,81.721,,Myanmar,,,,,,29.1,
NAM,0.646,,,0.0,4108.0,,0.0,2567024.0,,172533.0,,,,13.4,,,44.6,,0.0,,2.085,,,0.0,,0.0,,2024-08-04,,,,,3.94,,1421.617,,Africa,,,243.811,59706.86,,0.0,,,9541.808,,3.552,,,63.71,0.0,0.0,9.7,,34.2,3.078,,Namibia,,,,,,22.0,
NRU,,,,0.0,1.0,,0.0,12691.0,,5393.0,,,,,,,,,0.0,,,,5.0,0.0,,0.0,,2024-08-04,,,,,24.07,,84.595,,Oceania,,,,456221.97,,0.0,,,12895.635,,,,,59.96,0.0,0.0,43.0,,36.9,682.45,,Nauru,,,,,,,
NPL,0.602,,,0.0,12031.0,,0.0,30547586.0,,1003450.0,,,,15.0,,,47.782,,0.0,,3.212,,0.3,0.0,,0.0,,2024-08-04,,,,,7.26,,404.874,,Asia,,,260.797,33768.65,,0.0,,,2442.804,,5.809,,,70.78,0.0,0.0,9.5,,37.8,204.43,,Nepal,,,,,,25.0,
NLD,0.944,,,383.0,22986.0,,0.0,17564020.0,,8640008.0,,,,,,,,,21.391,,11.881,,3.32,3.056,,0.0,,2024-08-04,,,,,5.29,,1283.817,,Europe,,,109.361,482562.8,,0.0,,,48472.545,,18.779,,,82.28,54.714,0.0,24.4,,27.3,508.544,,Netherlands,,,,,,43.2,
NCL,,,,0.0,314.0,,0.0,289959.0,,80163.0,,,,,,,,,0.0,,6.489,,,0.0,,0.0,,2024-08-04,,,,,23.36,,1093.578,,Oceania,,,,279186.16,,0.0,,,,,9.954,,,77.55,0.0,0.0,,,,15.342,,New Caledonia,,,,,,33.4,
NZL,0.931,,,1730.0,4284.0,218.0,0.445,5185289.0,13398398.0,2639048.0,,,,,,95.36,,1130.0,337.118,4944676.0,9.72,,2.61,48.16,258.39,2.286,,2024-08-11,,,,,8.08,,834.806,,Oceania,,,128.797,514260.6,,16.0,,,36085.843,,15.322,,,82.29,247.143,3.118,14.8,,17.2,18.206,,New Zealand,,,,,,37.9,
NIC,0.66,,,2.0,245.0,,0.0,6948395.0,,16185.0,,,,3.2,,,,,0.297,,3.519,,0.9,0.042,,0.0,,2024-08-04,,,,,11.47,,36.401,,North America,,,137.016,2404.667,,0.0,,,5321.444,,5.445,,,74.48,0.286,0.0,,,,51.667,,Nicaragua,,,,,,27.3,
NER,0.394,,,0.0,315.0,,0.0,26207982.0,,9518.0,,,,44.5,,,8.978,,0.0,,1.378,,0.3,0.0,,0.0,,2024-08-04,,,,,2.42,,12.445,,Africa,,,238.339,376.028,,0.0,,,926.0,,2.553,,,62.42,0.0,0.0,0.1,,15.4,16.955,,Niger,,,,,,15.1,
NGA,0.539,,,0.0,3155.0,,0.0,218541216.0,,267188.0,,,,,,,41.949,,0.0,,1.447,,,0.0,,0.0,,2024-08-04,,,,,2.42,,14.138,,Africa,,,181.013,1197.342,,0.0,,,5338.454,,2.751,,,54.69,0.0,0.0,0.6,,10.8,209.588,,Nigeria,,,,,,18.1,
NIU,,,,0.0,0.0,,0.0,1952.0,,1074.0,,,,,,,,,0.0,,,,,0.0,,0.0,,2024-08-04,,,,,,,0.0,,Oceania,,,,582429.5,,0.0,,,,,,,,73.71,0.0,0.0,,,,,,Niue,,,,,,,
OWID_NAM,,,,454.0,1671178.0,1.0,0.146,600323657.0,1158547416.0,124492666.0,,,76.39,,,42.69,,442.0,0.751,256264817.0,,442.0,,0.107,192.99,88.429,,2024-08-04,,458563506.0,394493922.0,0.0,,,2765.22,0.0,,,,,205992.19,,619.0,,,,,,,,,64.857,1.024,,,,,,North America,,,,,,,65.71
PRK,,,,0.0,0.0,,0.0,26069416.0,,0.0,,,,,,,,,0.0,,6.139,,13.2,0.0,,0.0,,2024-08-04,,,,,4.0,,0.0,,Asia,,,321.681,0.0,,0.0,,,,,9.491,,,72.27,0.0,0.0,,,,211.701,,North Korea,,,,,,35.3,
MKD,0.774,,,116.0,9978.0,,0.0,2093606.0,,350924.0,,,,5.0,,,,,63.035,,8.16,,4.28,9.005,,0.0,,2024-08-04,,,,,10.08,,5422.131,,Europe,,,322.688,190695.11,,0.0,,,13111.214,,13.26,,,75.8,16.571,0.0,,,,82.6,,North Macedonia,,,,,,39.1,
MNP,,,,31.0,41.0,,0.0,49574.0,,14912.0,,,,,,,,,672.437,,,,,96.062,,0.0,,2024-08-04,,,,,,,889.352,,Oceania,,,194.994,323463.7,,0.0,,,,,,,,76.74,4.429,0.0,,,,119.878,,Northern Mariana Islands,,,,,,,
NOR,0.957,,,745.0,5732.0,,0.0,5434324.0,,1512647.0,,,,0.2,,,,,136.527,,10.813,,3.6,19.504,,0.0,,2024-08-04,,,,,5.31,,1050.434,,Europe,,,114.316,277204.28,,0.0,,,64800.057,,16.821,,,82.4,106.429,0.0,19.6,,20.7,14.462,,Norway,,,,,,39.7,
OWID_OCE,,,,1809.0,32918.0,25.0,0.051,45038860.0,88358812.0,15003352.0,,,64.3,,,56.4,,1130.0,40.156,25400951.0,,1130.0,,5.737,196.18,2.286,,2024-08-11,,28960501.0,28072902.0,0.0,,,730.704,0.0,,,,,333039.8,,16.0,,,,,,,,,258.429,0.355,,,,,,Oceania,,,,,,,62.33
OMN,0.813,,,0.0,4628.0,,0.0,4576300.0,,399449.0,,,,,,,97.4,,0.0,,1.53,,1.6,0.0,,0.0,,2024-08-04,,,,,12.61,,978.389,,Asia,,,266.342,84446.055,,0.0,,,37960.709,,2.355,,,77.86,0.0,0.0,0.5,,15.6,14.98,,Oman,,,,,,30.7,
PAK,0.557,,,0.0,30656.0,,0.0,235824864.0,,1580631.0,,,,4.0,,,59.607,,0.0,,2.78,,0.6,0.0,,0.0,,2024-08-04,,,,,8.35,,125.794,,Asia,,,423.031,6485.952,,0.0,,,5034.708,,4.495,,,67.27,0.0,0.0,2.8,,36.7,255.573,,Pakistan,,,,,,23.5,
PLW,0.826,,,0.0,10.0,,0.0,18084.0,,6372.0,,,,,,,,,0.0,,,,4.8,0.0,,0.0,,2024-08-04,,,,,15.89,,562.303,,Oceania,,,,358299.6,,0.0,,,13240.405,,,,,73.7,0.0,0.0,7.7,,22.7,47.237,,Palau,,,,,,,
PSE,0.708,,,0.0,5708.0,,0.0,5250076.0,,703228.0,,,,1.0,,,,,0.0,,1.726,,,0.0,,0.0,,2024-08-04,,,,,10.59,,1075.91,,Asia,,,265.91,132552.62,,0.0,,,4449.898,,3.043,,,74.05,0.0,0.0,,,,778.202,,Palestine,,,,,,20.4,
PAN,0.815,,,0.0,8748.0,,0.0,4408582.0,,1044821.0,,,,2.2,,,,,0.0,,5.03,,2.3,0.0,,0.0,,2024-08-04,,,,,8.33,,1987.833,,North America,,,128.346,237417.66,,0.0,,,22267.037,,7.918,,,78.51,0.0,0.0,2.4,,9.9,55.133,,Panama,,,,,,29.7,
PNG,0.555,,,0.0,670.0,,0.0,10142625.0,,46864.0,,,,,,,,,0.0,,2.142,,,0.0,,0.0,,2024-08-04,,,,,17.65,,65.666,,Oceania,,,561.494,4593.08,,0.0,,,3823.194,,3.808,,,64.5,0.0,0.0,23.5,,48.8,18.22,,Papua New Guinea,,,,,,22.6,
PRY,0.728,,,0.0,19880.0,,0.0,6780745.0,,735759.0,,,,1.7,,,79.602,,0.0,,3.833,,1.3,0.0,,0.0,,2024-08-04,,,,,8.27,,2940.628,,South America,,,199.128,108832.664,,0.0,,,8827.01,,6.378,,,74.25,0.0,0.0,5.0,,21.6,17.144,,Paraguay,,,,,,26.5,
PER,0.777,,,0.0,220975.0,,0.0,34049588.0,,4526977.0,,,,3.5,,,,,0.0,,4.455,,1.6,0.0,,0.0,,2024-08-04,,,,,5.95,,6601.11,,South America,,,85.755,135232.81,,0.0,,,12236.706,,7.151,,,76.74,0.0,0.0,4.8,,,25.129,,Peru,,,,,,29.1,
PHL,0.718,,,0.0,66864.0,,0.0,115559008.0,,4140383.0,,,,,,,78.463,,0.0,,2.661,,1.0,0.0,,0.0,,2024-08-04,,,,,7.07,,586.71,,Asia,,,370.437,36330.51,,0.0,,,7599.188,,4.803,,,71.23,0.0,0.0,7.8,,40.8,351.873,,Philippines,,,,,,25.2,
PCN,,,,0.0,0.0,,0.0,47.0,,4.0,,,,,,,,,0.0,,,,,0.0,,0.0,,2024-08-04,,,,,,,0.0,,Oceania,,,,88888.89,,0.0,,,,,,,,,0.0,0.0,,,,,,Pitcairn,,,,,,,
POL,0.88,,,2463.0,120726.0,,0.015,39857144.0,,6670799.0,,,,,,,,,64.164,,10.202,,6.62,9.166,,0.571,,2024-08-04,,,,,5.91,,3145.075,,Europe,,,227.331,173783.28,,4.0,,,27216.445,,16.763,,,78.73,351.857,0.104,23.3,,33.1,124.027,,Poland,,,,,,41.8,
PRT,0.864,,,1055.0,28809.0,,0.686,10270857.0,,5664109.0,,,,0.5,,,,,101.276,,14.924,,3.39,14.468,,7.143,,2024-08-04,,,,,9.85,,2765.556,,Europe,,,127.842,543733.1,,50.0,,,27936.896,,21.502,,,82.05,150.714,4.8,16.3,,30.0,112.371,,Portugal,,,,,,46.2,
PRI,,,,0.0,5938.0,,0.0,3252412.0,,1252713.0,,,,,,,,,0.0,,9.829,,,0.0,,0.0,,2024-08-04,,,,,12.9,,1832.167,,North America,,,108.094,386523.97,,0.0,,,35044.67,,15.168,,,80.1,0.0,0.0,,,,376.232,,Puerto Rico,,,,,,38.2,
QAT,0.848,,,0.0,690.0,,0.0,2695131.0,,514524.0,,,,,,,,,0.0,,0.617,,1.2,0.0,,0.0,,2024-08-04,,,,,16.52,,238.551,,Asia,,,176.69,177884.27,,0.0,,,116935.6,,1.307,,,80.23,0.0,0.0,0.8,,26.9,227.322,,Qatar,,,,,,31.9,
REU,,,,0.0,921.0,,0.0,974062.0,,494595.0,,,,,,,,,0.0,,6.841,,,0.0,,0.0,,2024-08-04,,,,,,,1056.748,,Africa,,,,567494.2,,0.0,,,,,,,,80.48,0.0,0.0,,,,,,Reunion,,,,,,36.0,
ROU,0.828,,,4633.0,68825.0,,0.045,19659270.0,,3541619.0,,,,5.7,,,,,241.72,,11.69,,6.892,34.531,,0.857,,2024-08-04,,,,,9.74,,3590.849,,Europe,,,370.946,184779.06,,6.0,,,23313.199,,17.85,,,76.05,661.857,0.313,22.9,,37.1,85.129,,Romania,,,,,,43.0,
RUS,0.824,,,7777.0,403188.0,,0.01,144713312.0,,24268728.0,,,,0.1,,,,,53.421,,9.393,,8.05,7.632,,1.429,,2024-08-04,,,,,6.18,,2769.531,,Europe,,,431.297,166703.84,,10.0,,,24765.954,,14.178,,,72.58,1111.0,0.069,23.4,,58.3,8.823,,Russia,,,,,,39.6,
RWA,0.543,,,0.0,1468.0,,0.0,13776702.0,,133264.0,,,,56.0,,,4.617,,0.0,,1.642,,,0.0,,0.0,,2024-08-04,,,,,4.28,,107.538,,Africa,,,191.375,9762.196,,0.0,,,1854.211,,2.974,,,69.02,0.0,0.0,4.7,,21.0,494.869,,Rwanda,,,,,,20.3,
BLM,,,,0.0,5.0,,0.0,10994.0,,5507.0,,,,,,,,,0.0,,,,,0.0,,0.0,,2024-08-04,,,,,,,456.704,,North America,,,,503014.25,,0.0,,,,,,,,,0.0,0.0,,,,,,Saint Barthelemy,,,,,,,
SHN,,,,0.0,0.0,,0.0,5401.0,,2166.0,,,,,,,,,0.0,,,,,0.0,,0.0,,2024-08-04,,,,,,,0.0,,Africa,,,,403427.1,,0.0,,,,,,,,80.56,0.0,0.0,,,,,,Saint Helena,,,,,,,
KNA,0.779,,,0.0,46.0,,0.0,47681.0,,6607.0,,,,,,,,,0.0,,,,2.3,0.0,,0.0,,2024-08-04,,,,,12.84,,984.357,,North America,,,,141383.66,,0.0,,,24654.385,,,,,76.23,0.0,0.0,,,,212.865,,Saint Kitts and Nevis,,,,,,,
LCA,0.759,,,0.0,410.0,,0.0,179872.0,,30282.0,,,,,,,87.202,,0.0,,6.405,,1.3,0.0,,0.0,,2024-08-04,,,,,11.62,,2293.142,,North America,,,204.62,169368.1,,0.0,,,12951.839,,9.721,,,76.2,0.0,0.0,,,,293.187,,Saint Lucia,,,,,,34.9,
MAF,,,,0.0,46.0,,0.0,31816.0,,12324.0,,,,,,,,,0.0,,,,,0.0,,0.0,,2024-08-04,,,,,,,1591.806,,North America,,,,426465.5,,0.0,,,,,,,,82.08,0.0,0.0,,,,590.533,,Saint Martin (French part),,,,,,,
SPM,,,,0.0,2.0,,0.0,5885.0,,3426.0,,,,,,,,,0.0,,,,,0.0,,0.0,,2024-08-04,,,,,,,347.222,,North America,,,,594791.7,,0.0,,,,,,,,81.07,0.0,0.0,,,,,,Saint Pierre and Miquelon,,,,,,,
VCT,0.738,,,0.0,124.0,,0.0,103959.0,,9674.0,,,,,,,,,0.0,,4.832,,2.6,0.0,,0.0,,2024-08-04,,,,,11.62,,1214.948,,North America,,,252.675,94785.52,,0.0,,,10727.146,,7.724,,,72.53,0.0,0.0,,,,281.787,,Saint Vincent and the Grenadines,,,,,,31.8,
WSM,0.715,,,0.0,31.0,,0.0,222390.0,,17057.0,,,,,,,,,0.0,,3.564,,,0.0,,0.0,,2024-08-04,,,,,9.21,,144.006,,Oceania,,,348.977,79235.75,,0.0,,,6021.557,,5.606,,,73.32,0.0,0.0,16.7,,38.1,69.413,,Samoa,,,,,,22.0,
SMR,,,,0.0,126.0,,0.0,33690.0,,25292.0,,,,,,,,,0.0,,,,3.8,0.0,,0.0,,2024-08-04,,,,,5.64,,3693.606,,Europe,,,,741418.25,,0.0,,,56861.47,,,,,84.97,0.0,0.0,,,,556.667,,San Marino,,,,,,,
STP,0.625,,,0.0,80.0,,0.0,227393.0,,6771.0,,,,32.3,,,41.34,,0.0,,2.162,,2.9,0.0,,0.0,,2024-08-04,,,,,2.42,,353.493,,Africa,,,270.113,29918.74,,0.0,,,3052.714,,2.886,,,70.39,0.0,0.0,,,,212.841,,Sao Tome and Principe,,,,,,18.7,
SAU,0.854,,,0.0,9646.0,,0.0,36408824.0,,841469.0,,,,,,,,,0.0,,1.845,,2.7,0.0,,0.0,,2024-08-04,,,,,17.72,,299.795,,Asia,,,259.538,26152.596,,0.0,,,49045.411,,3.295,,,75.13,0.0,0.0,1.8,,25.4,15.322,,Saudi Arabia,,,,,,31.9,
SEN,0.512,,,0.0,1971.0,,0.0,17316452.0,,89485.0,,,,38.0,,,20.859,,0.0,,1.796,,,0.0,,0.0,,2024-08-04,,,,,2.42,,111.664,,Africa,,,241.219,5069.656,,0.0,,,2470.58,,3.008,,,67.94,0.0,0.0,0.4,,16.6,82.328,,Senegal,,,,,,18.7,
SRB,0.806,,,0.0,18057.0,,0.0,6871547.0,,2583470.0,,,,,,,97.719,,0.0,,,,5.609,0.0,,0.0,,2024-08-04,,,,,10.08,,2658.875,,Europe,,,439.415,380413.34,,0.0,,,14048.881,,17.366,,,76.0,0.0,0.0,37.7,,40.2,80.291,,Serbia,,,,,,41.2,
SYC,0.796,,,0.0,172.0,,0.0,107135.0,,51886.0,,,,1.1,,,,,0.0,,5.586,,3.6,0.0,,0.0,,2024-08-04,,,,,10.55,,1370.169,,Africa,,,242.648,413328.88,,0.0,,,26382.287,,8.606,,,73.4,0.0,0.0,7.1,,35.7,208.354,,Seychelles,,,,,,36.2,
SLE,0.452,,,0.0,125.0,,0.0,8605723.0,,7979.0,,,,52.2,,,19.275,,0.0,,1.285,,,0.0,,0.0,,2024-08-04,,,,,2.42,,15.102,,Africa,,,325.721,964.019,,0.0,,,1390.3,,2.538,,,54.7,0.0,0.0,8.8,,41.3,104.7,,Sierra Leone,,,,,,19.1,
SGP,0.938,,,0.0,2024.0,,0.0,5637022.0,,3006155.0,,,,,,,,,0.0,,7.049,,2.4,0.0,,0.0,,2024-08-04,,,,,10.99,,358.237,,Asia,,,92.243,532073.56,,0.0,,,85535.383,,12.922,,,83.62,0.0,0.0,5.2,,28.3,7915.731,,Singapore,,,,,,42.4,
SXM,,,,0.0,92.0,,0.0,44192.0,,11051.0,,,,,,,,,0.0,,,,,0.0,,0.0,,2024-08-04,,,,,,,2182.008,,North America,,,,262101.84,,0.0,,,36327.232,,,,,78.95,0.0,0.0,,,,1209.088,,Sint Maarten (Dutch part),,,,,,,
SVK,0.86,,,61.0,21227.0,,0.026,5643455.0,,1878002.0,,,,0.7,,,,,11.145,,9.167,,5.82,1.592,,0.143,,2024-08-04,,,,,7.29,,3878.357,,Europe,,,287.959,343127.25,,1.0,,,30155.152,,15.07,,,77.54,8.714,0.183,23.1,,37.7,113.128,,Slovakia,,,,,,41.2,
SVN,0.917,,,148.0,10083.0,,0.27,2119843.0,,1356582.0,,,,,,,,,69.969,,12.93,,4.5,9.996,,0.571,,2024-08-04,,,,,7.25,,4766.858,,Europe,,,153.493,641340.2,,4.0,,,31400.84,,19.062,,,81.32,21.143,1.891,20.1,,25.0,102.619,,Slovenia,,,,,,44.5,
SLB,0.567,,,0.0,199.0,,0.0,724272.0,,25954.0,,,,25.1,,,35.89,,0.0,,2.043,,1.4,0.0,,0.0,,2024-08-04,,,,,18.68,,254.777,,Oceania,,,459.78,33228.562,,0.0,,,2205.923,,3.507,,,73.0,0.0,0.0,,,,21.841,,Solomon Islands,,,,,,20.8,
SOM,,,,0.0,1361.0,,0.0,17597508.0,,27334.0,,,,,,,9.831,,0.0,,1.496,,0.9,0.0,,0.0,,2024-08-04,,,,,6.05,,76.453,,Africa,,,365.769,1535.455,,0.0,,,,,2.731,,,57.4,0.0,0.0,,,,23.5,,Somalia,,,,,,16.8,
ZAF,0.709,,,0.0,102595.0,,0.0,59893884.0,,4072765.0,,,,18.9,,,43.993,,0.0,,3.053,,2.32,0.0,,0.0,,2024-08-04,,,,,5.52,,1644.72,,Africa,,,200.38,65291.246,,0.0,,,12294.876,,5.344,,,64.13,0.0,0.0,8.1,,33.2,46.754,,South Africa,,,,,,27.3,
OWID_SAM,,,,1308.0,1354187.0,,0.0,436816679.0,,68809418.0,,,,,,,,,3.038,,,,,0.434,,0.143,,2024-08-04,,,,,,,3145.667,,,,,,159838.72,,1.0,,,,,,,,,186.857,0.002,,,,,,South America,,,,,,,
KOR,0.916,,,0.0,35934.0,,0.0,51815808.0,,34571873.0,,,,0.2,,,,,0.0,,8.622,,12.27,0.0,,0.0,,2024-08-04,,,,,6.8,,693.941,,Asia,,,85.998,667636.06,,0.0,,,35938.374,,13.914,,,83.03,0.0,0.0,6.2,,40.9,527.967,,South Korea,,,,,,43.4,
SSD,0.433,,,0.0,147.0,,0.0,10913172.0,,18823.0,,,,,,,,,0.0,,2.032,,,0.0,,0.0,,2024-08-04,,,,,10.43,,13.338,,Africa,,,280.775,1707.894,,0.0,,,1569.888,,3.441,,,57.85,0.0,0.0,,,,,,South Sudan,,,,,,19.2,
ESP,0.904,,,,121852.0,,,47558632.0,,13980340.0,,,,1.0,,,,,,,13.799,,2.97,,,,,2024-08-04,,,,,7.17,,2547.692,,Europe,,,99.403,292302.16,,,,,34272.36,,19.436,,,83.56,,,27.4,,31.4,93.105,,Spain,,,,,,45.5,
LKA,0.782,,,1.0,16907.0,,0.0,21832150.0,,672798.0,,,,0.7,,,,,0.044,,5.331,,3.6,0.006,,0.0,,2024-08-04,,,,,10.68,,740.4,,Asia,,,197.093,29463.502,,0.0,,,11669.077,,10.069,,,76.98,0.143,0.0,0.3,,27.0,341.955,,Sri Lanka,,,,,,34.1,
SDN,0.51,,,0.0,5046.0,,0.0,46874200.0,,63993.0,,,,,,,23.437,,0.0,,2.034,,0.8,0.0,,0.0,,2024-08-04,,,,,15.67,,102.18,,Africa,,,431.388,1295.842,,0.0,,,4466.507,,3.548,,,65.31,0.0,0.0,,,,23.258,,Sudan,,,,,,19.7,
SUR,0.738,,,0.0,1406.0,,0.0,618046.0,,82501.0,,,,,,,67.779,,0.0,,4.229,,3.1,0.0,,0.0,,2024-08-04,,,,,12.54,,2256.195,,South America,,,258.314,132388.6,,0.0,,,13767.119,,6.933,,,71.68,0.0,0.0,7.4,,42.9,3.612,,Suriname,,,,,,29.6,
SWE,0.945,,,630.0,27399.0,,0.381,10549349.0,,2755181.0,,,,0.5,,,,,60.072,,13.433,,2.22,8.582,,4.0,,2024-08-04,,,,,4.79,,2612.58,,Europe,,,133.982,262715.12,,28.0,,,46949.283,,19.985,,,82.8,90.0,2.67,18.8,,18.9,24.718,,Sweden,,,,,,41.0,
CHE,0.955,,,426.0,14170.0,,0.0,8740471.0,,4457868.0,,,,,,,,,48.452,,12.644,,4.53,6.922,,0.0,,2024-08-04,,,,,5.59,,1611.659,,Europe,,,99.739,507026.47,,0.0,,,57410.166,,18.436,,,83.78,60.857,0.0,22.6,,28.9,214.243,,Switzerland,,,,,,43.1,
SYR,0.567,,,0.0,3163.0,,0.0,22125242.0,,57423.0,,,,,,,70.598,,0.0,,2.577,,1.5,0.0,,0.0,,2024-08-04,,,,,,,140.815,,Asia,,,376.264,2556.432,,0.0,,,,,,,,72.7,0.0,0.0,,,,,,Syria,,,,,,21.7,
TJK,0.668,,,0.0,125.0,,0.0,9952789.0,,17786.0,,,,4.8,,,72.704,,0.0,,2.155,,4.8,0.0,,0.0,,2024-08-04,,,,,7.11,,12.276,,Asia,,,427.698,1746.769,,0.0,,,2896.913,,3.466,,,71.1,0.0,0.0,,,,64.281,,Tajikistan,,,,,,23.3,
TZA,0.529,,,0.0,846.0,,0.0,65497752.0,,43230.0,,,,49.1,,,47.953,,0.0,,1.874,,0.7,0.0,,0.0,,2024-08-04,,,,,5.75,,13.073,,Africa,,,217.288,668.039,,0.0,,,2683.304,,3.108,,,65.46,0.0,0.0,3.3,,26.7,64.699,,Tanzania,,,,,,17.7,
THA,0.777,,,560.0,34715.0,,0.002,71697024.0,,4799180.0,,,,0.1,,,90.67,,7.806,,6.89,,2.1,1.115,,0.143,,2024-08-04,,,,,7.04,,483.932,,Asia,,,109.861,66901.21,,1.0,,,16277.671,,11.373,,,77.15,80.0,0.014,1.9,,38.8,135.132,,Thailand,,,,,,40.1,
TGO,0.515,,,0.0,290.0,,0.0,8848700.0,,39530.0,,,,49.2,,,10.475,,0.0,,1.525,,0.7,0.0,,0.0,,2024-08-04,,,,,6.15,,31.904,,Africa,,,280.033,4348.858,,0.0,,,1429.813,,2.839,,,61.04,0.0,0.0,0.9,,14.2,143.366,,Togo,,,,,,19.4,
TKL,,,,0.0,0.0,,0.0,1893.0,,80.0,,,,,,,,,0.0,,,,,0.0,,0.0,,2024-08-04,,,,,,,0.0,,Oceania,,,,34602.074,,0.0,,,,,,,,81.86,0.0,0.0,,,,,,Tokelau,,,,,,,
TON,0.725,,,0.0,12.0,,0.0,106867.0,,16976.0,,,,,,,,,0.0,,4.032,,2.6,0.0,,0.0,,2024-08-04,,,,,15.42,,114.228,,Oceania,,,227.49,161594.62,,0.0,,,5425.621,,5.82,,,70.91,0.0,0.0,11.8,,44.4,150.028,,Tonga,,,,,,22.3,
TTO,0.796,,,0.0,4390.0,,0.0,1531043.0,,191496.0,,,,,,,89.443,,0.0,,5.819,,3.0,0.0,,0.0,,2024-08-04,,,,,10.97,,2934.645,,North America,,,228.467,128012.02,,0.0,,,28763.071,,10.014,,,73.51,0.0,0.0,,,,266.886,,Trinidad and Tobago,,,,,,36.2,
TUN,0.74,,,0.0,29423.0,,0.0,12356116.0,,1153361.0,,,,2.0,,,78.687,,0.0,,5.075,,2.3,0.0,,0.0,,2024-08-04,,,,,8.52,,2427.773,,Africa,,,318.991,95167.016,,0.0,,,10849.297,,8.001,,,76.7,0.0,0.0,1.1,,65.8,74.228,,Tunisia,,,,,,32.7,
TUR,0.82,,,0.0,101419.0,,0.0,85341248.0,,17004718.0,,,,0.2,,,,,0.0,,5.061,,2.81,0.0,,0.0,,2024-08-04,,,,,12.13,,1164.953,,Asia,,,171.285,195325.25,,0.0,,,25129.341,,8.153,,,77.69,0.0,0.0,14.1,,41.1,104.914,,Turkey,,,,,,31.6,
TKM,0.715,,,0.0,0.0,,0.0,6430777.0,,0.0,,,,,,,100.0,,0.0,,2.541,,7.4,0.0,,0.0,,2024-08-04,,,,,7.11,,0.0,,Asia,,,536.783,0.0,,0.0,,,16389.023,,4.277,,,68.19,0.0,0.0,,,,12.253,,Turkmenistan,,,,,,26.9,
TCA,,,,0.0,40.0,,0.0,45726.0,,6805.0,,,,,,,,,0.0,,,,,0.0,,0.0,,2024-08-04,,,,,,,872.049,,North America,,,,148357.28,,0.0,,,,,,,,80.22,0.0,0.0,,,,37.312,,Turks and Caicos Islands,,,,,,,
TUV,,,,0.0,1.0,,0.0,11335.0,,2943.0,,,,3.3,,,,,0.0,,,,,0.0,,0.0,,2024-08-04,,,,,27.25,,99.88,,Oceania,,,,293947.25,,0.0,,,3575.104,,,,,67.57,0.0,0.0,,,,373.067,,Tuvalu,,,,,,,
UGA,0.544,,,0.0,3632.0,,0.0,47249588.0,,172154.0,,,,41.6,,,21.222,,0.0,,1.308,,0.5,0.0,,0.0,,2024-08-04,,,,,2.5,,76.766,,Africa,,,213.333,3638.641,,0.0,,,1697.707,,2.168,,,63.37,0.0,0.0,3.4,,16.7,213.759,,Uganda,,,,,,16.4,
UKR,0.779,,,171.0,109920.0,,0.0,39701744.0,,5532777.0,,,,0.1,,,,,4.166,,11.133,,8.8,0.595,,0.0,,2024-08-04,,,,,7.11,,2677.79,,Europe,,,539.849,134785.47,,0.0,,,7894.393,,16.462,,,72.06,24.429,0.0,13.5,,47.4,77.39,,Ukraine,,,,,,41.4,
ARE,0.89,,,0.0,2349.0,,0.0,9441138.0,,1067030.0,,,,,,,,,0.0,,0.526,,1.2,0.0,,0.0,,2024-08-04,,,,,17.26,,229.348,,Asia,,,317.84,104180.94,,0.0,,,67293.483,,1.144,,,77.97,0.0,0.0,1.2,,37.4,112.442,,United Arab Emirates,,,,,,34.0,
GBR,0.932,,,3400.0,232112.0,,0.0,67508936.0,,24974629.0,,,,0.2,,,,,49.868,,12.527,,2.54,7.124,,0.0,,2024-08-04,,,,,4.28,,3404.434,,Europe,,,122.137,366308.0,,0.0,,,39753.244,,18.517,,,81.32,485.714,0.0,20.0,,24.7,272.898,,United Kingdom,,,,,,40.8,
USA,0.926,,,,1193165.0,,0.259,338289856.0,,103436829.0,,,,1.2,,,,,,,9.732,,2.77,,,88.429,,2024-08-04,,,,,10.79,,3493.546,,North America,,,151.089,302859.5,,619.0,,,54225.446,,15.413,,,78.86,,1.812,19.1,,24.6,35.608,,United States,,,,,,38.3,
VIR,,,,0.0,132.0,,0.0,99479.0,,25389.0,,,,,,,,,0.0,,10.799,,,0.0,,0.0,,2024-08-04,,,,,12.26,,1525.641,,North America,,,273.67,293443.22,,0.0,,,,,18.601,,,80.58,0.0,0.0,,,,306.48,,United States Virgin Islands,,,,,,42.2,
OWID_UMC,,,,14277.0,2824452.0,0.0,0.001,2525921300.0,5449980941.0,251753518.0,,,83.49,,,50.12,,14.0,5.039,1265984687.0,,21.0,,0.72,215.76,4.143,,2024-08-14,,2109015426.0,1990653301.0,0.0,,,996.892,2.0,,,,,88856.516,,29.0,,,,,,,,,2039.571,0.01,,,,,,Upper-middle-income countries,,,,,,,78.81
URY,0.817,,,15.0,7682.0,,0.0,3422796.0,,1041346.0,,,,0.1,,,,,4.424,,10.361,,2.8,0.632,,0.0,,2024-08-04,,,,,6.93,,2265.466,,South America,,,160.708,307099.0,,0.0,,,20551.409,,14.655,,,77.91,2.143,0.0,14.0,,19.9,19.751,,Uruguay,,,,,,35.6,
UZB,0.72,,,0.0,1016.0,,0.0,34627648.0,,175081.0,,,,,,,,,0.0,,2.873,,4.0,0.0,,0.0,,2024-08-04,,,,,7.57,,29.079,,Asia,,,724.417,5011.054,,0.0,,,6253.104,,4.469,,,71.72,0.0,0.0,1.3,,24.7,76.134,,Uzbekistan,,,,,,28.2,
VUT,0.609,,,0.0,14.0,,0.0,326744.0,,12019.0,,,,13.2,,,25.209,,0.0,,2.62,,,0.0,,0.0,,2024-08-04,,,,,12.02,,44.72,,Oceania,,,546.3,38391.758,,0.0,,,2921.909,,4.394,,,70.47,0.0,0.0,2.8,,34.5,22.662,,Vanuatu,,,,,,23.1,
VAT,,,,0.0,0.0,,0.0,808.0,,26.0,,,,,,,,,0.0,,,,,0.0,,0.0,,2024-08-04,,,,,,,0.0,,Europe,,,,50682.26,,0.0,,,,,,,,75.12,0.0,0.0,,,,,,Vatican,,,,,,,
VEN,0.711,,,0.0,5856.0,,0.0,28301700.0,,552695.0,,,,,,,,,0.0,,3.915,,0.8,0.0,,0.0,,2024-08-04,,,,,6.47,,207.564,,South America,,,204.85,19590.072,,0.0,,,16745.022,,6.614,,,72.06,0.0,0.0,,,,36.253,,Venezuela,,,,,,29.0,
VNM,0.704,,,0.0,43206.0,,0.0,98186856.0,,11624000.0,,,,2.0,,,85.847,,0.0,,4.718,,2.6,0.0,,0.0,,2024-08-04,,,,,6.0,,433.444,,Asia,,,245.465,116612.4,,0.0,,,6171.884,,7.15,,,75.4,0.0,0.0,1.0,,45.9,308.127,,Vietnam,,,,,,32.6,
WLF,,,,0.0,9.0,,0.0,11596.0,,3760.0,,,,,,,,,0.0,,,,,0.0,,0.0,,2024-08-04,,,,,,,782.541,,Oceania,,,,326928.1,,0.0,,,,,,,,79.94,0.0,0.0,,,,,,Wallis and Futuna,,,,,,,
OWID_WRL,0.737,,,47169.0,7057132.0,0.0,0.015,7975105024.0,13578774356.0,775866783.0,,,70.61,10.0,,35.33,60.13,1340.0,5.904,2817381093.0,5.355,1452.0,2.705,0.843,170.26,116.429,,2024-08-14,,5631263739.0,5177942957.0,0.0,8.51,,883.329,12.0,,,,233.07,97113.85,,815.0,,,15469.207,,8.696,,,72.58,6738.429,0.102,6.434,,34.635,58.045,,World,,,,,,30.9,64.93
YEM,0.47,,,0.0,2159.0,,0.0,33696612.0,,11945.0,,,,18.8,,,49.542,,0.0,,1.583,,0.7,0.0,,0.0,,2024-08-04,,,,,5.35,,56.484,,Asia,,,495.003,312.509,,0.0,,,1479.147,,2.922,,,66.12,0.0,0.0,7.6,,29.2,53.508,,Yemen,,,,,,20.3,
ZMB,0.584,,,18.0,4077.0,,0.0,20017670.0,,349842.0,,,,57.5,,,13.938,,0.893,,1.542,,2.0,0.128,,0.0,,2024-08-04,,,,,3.94,,202.303,,Africa,,,234.499,17359.357,,0.0,,,3689.251,,2.48,,,63.89,2.571,0.0,3.1,,24.7,22.995,,Zambia,,,,,,17.7,
ZWE,0.571,,,0.0,5740.0,,0.0,16320539.0,,266386.0,,,,21.4,,,36.791,,0.0,,1.882,,1.7,0.0,,0.0,,2024-08-04,,,,,1.82,,357.208,,Africa,,,307.846,16577.57,,0.0,,,1899.775,,2.822,,,61.49,0.0,0.0,1.6,,30.7,42.729,,Zimbabwe,,,,,,19.6,
